shot_id,scene_id,description,duration_s,status,character_refs,location_ref,vehicle_ref,animal_ref,continuity_state,qc_status
S01E01-SC01-SH01,SC01,Docklands aerial geography,3,PLANNED,,LOC-DOCKLANDS,VEH-TJ-EV1,,NIGHT_RAIN,
S01E01-SC01-SH02,SC01,TJ EV front tracking,4,PLANNED,CHAR-TJ,LOC-DOCKLANDS,VEH-TJ-EV1,,NIGHT_RAIN,
S01E01-SC01-SH03,SC01,TJ mirror close,3,PLANNED,CHAR-TJ,LOC-DOCKLANDS,VEH-TJ-EV1,,NIGHT_RAIN,
S01E01-SC01-SH04,SC01,Kai with case,4,PLANNED,CHAR-KAI,LOC-DOCKLANDS,VEH-TJ-EV1,,NIGHT_RAIN,
S01E01-SC02-SH01,SC02,Patel Performance exterior,4,KEYFRAME_READY,,LOC-PATEL-GARAGE,,,DAY_OVERCAST,
S01E01-SC02-SH03,SC02,TJ under EV,4,PLANNED,CHAR-TJ,LOC-PATEL-GARAGE,,,DAY_OVERCAST,
S01E01-SC02-SH04,SC02,Atlas beside lift,3,PLANNED,CHAR-TJ,LOC-PATEL-GARAGE,,DOG-ATLAS,DAY_OVERCAST,
S01E01-SC03-SH01,SC03,Bentley Torcal arrival,4,PLANNED,CHAR-MARCUS,LOC-PATEL-GARAGE,VEH-MARCUS-TORCAL,,DAY_OVERCAST,
S01E01-SC04-SH01,SC04,Football ground wide,4,PLANNED,CHAR-TOMMY,LOC-FOOTBALL,,,DAY,
S01E01-SC06-SH01,SC06,Noah evidence room wide,4,PLANNED,CHAR-NOAH,LOC-NOAH-HOTEL,,,NIGHT,
S01E01-SC07-SH01,SC07,Hawthorne establishing,5,PLANNED,CHAR-ELLIE,LOC-HAWTHORNE,VEH-ELLIE-EV4X4,,DAY_OVERCAST,
S01E01-SC14-SH01,SC14,Case macro reveal,4,PLANNED,CHAR-TJ;CHAR-KAI,LOC-PATEL-GARAGE,,DOG-ATLAS,NIGHT,
S01E01-SC16-SH01,SC16,Patel house dawn exterior,4,PLANNED,,LOC-PATEL-HOME,,,DAWN,
